Chałasińskiej-Macukow Chałasińska-Macukow subst:sg:f
Chrostkowie Chrostkowo subst:sg:n
Tychów-Urbanowic Tychy-Urbanowice subst:sg:n
Tychach-Wilkowyjach Tychy-Wilkowyje subst:sg:n
Arłamowa Arłamów subst:sg:m3
Arłamowie Arłamów subst:sg:m3
Darskowie Darskowo subst:sg:n
Bielsku-Białej Bielsko-Biała subst:sg:n
Bielska-Białej Bielsko-Biała subst:sg:n
amerykanów Amerykanin subst:sg:m1
Meklemburgii-Pomorza Meklemburgia-Pomorze subst:sg:f
Skarżyska-Kamiennej Skarżysko-Kamienna subst:sg:n
Korwina-Mikke Korwin-Mikke subst:sg:m1
Polaków Polacy subst:pl:m1
Polakom Polacy subst:pl:m1
naszej-klasy nasza-klasa subst:sg:f
naszej-klasie.pl nasza-klasa.pl subst:sg:f
Ignasiego Ignasio subst:sg:m1
Rugianami Rugianin subst:sg:m1
Gézę-dzieciaka Géza-dzieciak subst:sg:m1
Obiektywu.net Obiektyw.net subst:sg:m3
Swędowie Swędów  subst:sg:m3
Salonu24 Salon24  subst:sg:m3
Bernersa-Lee Berners-Lee subst:sg:m1
naszą-klasą nasza-klasa subst:sg:f
bloggerów bloggerrzy subst:pl:m1
blogerów blogerzy  subst:pl:m1
OzoNautów OzoNauci subst:pl:m1
Buma/Stemra Bum/Stemr subst:sg:m1
Małachowskiego-Piłsudskiego Małachowski-Piłsudski subst:sg:m1
Druckiego-Lubeckiego Drucki-Lubecki subst:sg:m1
Skłodowskiej-Curie Skłodowska-Curie subst:sg:f
QMAMÓW QMAMY  subst:sg:m3
Lewandowską-Tomaszczyk Lewandowska-Tomaszczyk  subst:sg:f
youtubie youtube  subst:sg:m3
Boże Bóg  subst:sg:m1
Andrei Andrea subst:sg:f
Nowaka-Jeziorańskiego Nowak-Jeziorański subst:sg:m1
